{"loss": [1.061804768939813, 0.20864463290747473, 0.20052241256424025, 0.1883119590872643, 0.18483736862738928, 0.1816361468358367, 0.1841747133316947, 0.1812569553799489, 0.18071647609273592, 0.18092203366698004, 0.17868830942932298, 0.17756808461511836, 0.1784809732115736, 0.17813162454495243, 0.1788876715536211, 0.17511781933260898, 0.17523442902693562, 0.1766534430139205, 0.17621798331246658, 0.17580326989877457, 0.1737765463105604, 0.17380199420685863, 0.174209622848852, 0.17404406232868924, 0.1743102206611166, 0.17266611170534993, 0.17359533131706947, 0.17329531221413144, 0.17481753273921855, 0.17166423651517607, 0.1719687505826062, 0.1725733094647819, 0.1711361879373298, 0.17128207286198935, 0.1721113844245088, 0.17268741978149788, 0.17224753399689993, 0.16964586634261936, 0.16955465027222447, 0.1709417540799169, 0.16960867932614157, 0.16835466765013396, 0.16810266089205647, 0.16799200355422264, 0.1668513366842971, 0.16640339726034334, 0.16668816246822768, 0.16572000013262617, 0.16528234893784804, 0.16548463819073697, 0.16358519177518638, 0.16349704439441362, 0.16242264408399076, 0.16082796739304767, 0.15990018961476346, 0.1588782717053797, 0.1576779912792, 0.15446584372251643, 0.15280580002011038, 0.15137619970768107, 0.1500763487728203, 0.14935204255230286, 0.14714939943423458, 0.14464710755091087, 0.14163616453023517, 0.1399015130511686, 0.1381406088670095, 0.13593740615190245, 0.1346447316600996, 0.13248975648015154, 0.12964188417091088, 0.12803451621941492, 0.1252317718577151, 0.1237021530521851, 0.12245109487397998, 0.12239758560762685, 0.11834521007304098, 0.11703498420469902, 0.11558419071576174, 0.11393246171521206, 0.11214914077929422, 0.11124402087400942, 0.11009601211430979, 0.10847789691943749, 0.10813413333951258, 0.10656206514321122, 0.10608059912919998, 0.10469605612988565, 0.10451170341933474, 0.10348925637263878, 0.10279393020798178, 0.10245373611356698, 0.10155836273642148, 0.10165378838485363, 0.10114629405970667, 0.10094374381736212, 0.10077042278705858, 0.10076753831669397, 0.10069615437703974, 0.10040465157990362], "nmse": [-2.75119904823163, -4.877348030314726, -5.065389492932488, -5.319604018155267, -5.405129685121424, -5.506405643388336, -5.4322707419301945, -5.508342294132008, -5.517998068940406, -5.517459107380287, -5.551234058305329, -5.60342654059915, -5.571668980168361, -5.59811969831878, -5.587927808948591, -5.666846728792377, -5.659012485952938, -5.630705393996894, -5.628742793027093, -5.635164938721002, -5.678455507054048, -5.671207273707671, -5.672839347053976, -5.676237531736786, -5.676385818743238, -5.704824774873023, -5.708104357999914, -5.706442038218181, -5.689538511575437, -5.74744558801838, -5.7258376140220495, -5.726928575366151, -5.747423891927681, -5.7662608483258415, -5.742749508689432, -5.722940552468393, -5.745647687537997, -5.788844440497604, -5.799578708760879, -5.766688346862793, -5.788289121553009, -5.822922463510551, -5.828281720479329, -5.824050361034917, -5.856489747178321, -5.872603248147404, -5.867156290540509, -5.885698080062866, -5.901571965685077, -5.900019846710504, -5.945791828866098, -5.962131920982809, -5.989668172948501, -6.02715562839134, -6.059487735523897, -6.096879711338118, -6.097049077351888, -6.198078421985402, -6.24320777724771, -6.275755405426025, -6.316438805823233, -6.325437625249227, -6.399733856612561, -6.474581601572972, -6.566967146069396, -6.6242298518910125, -6.674127045799704, -6.753273585263421, -6.790102407044055, -6.838804095399146, -6.964435895284017, -7.0007219314575195, -7.106730685514562, -7.129055486005895, -7.198246493059046, -7.187354284174302, -7.3377366907456345, -7.381526975070729, -7.439957553265142, -7.501674586651372, -7.561553786782658, -7.607304227118399, -7.660534989600088, -7.720394349565693, -7.717905469969208, -7.79155512417064, -7.801238419962864, -7.866549454483331, -7.874741764629588, -7.91785361252579, -7.94370875639074, -7.972170895221186, -7.996577216129677, -7.986967657126632, -8.0106816665799, -8.020520602955537, -8.032185479706408, -8.04790680548724, -8.04805072148641, -8.063879644169527]}