{"loss": [0.2142060560736862, 0.05829584299288879, 0.015420084601731469, 0.012826857821268932, 0.011966242112200423, 0.011356158189116245, 0.010912521323898269, 0.010745064771455254, 0.010315564652517211, 0.010141970856862172, 0.010011317950630854, 0.009840845475493349, 0.009778580773706892, 0.009688277932139217, 0.009616358730431438, 0.009510974731854149, 0.0094634520485619, 0.009361278311808021, 0.009268078137529532, 0.009239677136508645, 0.009242373173536383, 0.009091012002569315, 0.009065429249844575, 0.008952014814816453, 0.008910796298943272, 0.008815153037448446, 0.008752331045470413, 0.008689647045241772, 0.008571992280803204, 0.008507824004131375, 0.008427463743722228, 0.008331424651223088, 0.008295386487164247, 0.008214601380561437, 0.008110184135000566, 0.007993229494671229, 0.007919526970968937, 0.007911853158969414, 0.007792515856294236, 0.007709554343385064, 0.007621592589119818, 0.007512220114157512, 0.007476156621197532, 0.007396311745009749, 0.007337565650823077, 0.007266152370011973, 0.007217151898805638, 0.007171847650705634, 0.007073074283768532, 0.006997487781957018, 0.006965360448218239, 0.0069323908833096625, 0.006857311045798251, 0.006803738478060603, 0.006738616691353887, 0.006747784101295517, 0.006698837990726009, 0.00662591297363834, 0.006607403268394661, 0.006542309690834151, 0.006493097277556731, 0.006490438617529527, 0.006458494665696839, 0.00639926512408907, 0.006386030939298914, 0.0063641422078353806, 0.006326577759721331, 0.006286698431343899, 0.006262181284199209, 0.006221389544532081, 0.006227252663344825, 0.00620636893412675, 0.006159859736624935, 0.0061193497137634585, 0.006130547757936537, 0.00608727273053778, 0.006066415499101587, 0.006046900793976212, 0.006017722003871036, 0.006007495030127276, 0.00598476482507995, 0.005961531814575422, 0.005953759450210154, 0.00592793740667781, 0.0059250134804527165, 0.005887555529311451, 0.0058977210629485586, 0.0058679950451903835, 0.005849531779614121, 0.005825032656161389, 0.005807459656962283, 0.0057993913258468435, 0.005796346194134448, 0.005769205512478948, 0.005770005141550363, 0.005748958690895647, 0.0057308404236029705, 0.005726599567073402, 0.0057048062299884066, 0.005691125498479469], "nmse": [-2.298161928402496, -4.839362418591069, -5.717385246063852, -5.93382906308634, -6.0247102764052185, -6.141496881010569, -6.32693462444441, -6.588552972386936, -6.928975965770973, -7.328063362140946, -7.776351393781943, -8.269119335310108, -8.80963601678761, -9.395964174706318, -10.048504381615498, -10.747466254355338, -11.5063976926852, -12.305093605506238, -13.12417461666359, -13.944320860247927, -14.742809203675556, -15.515709412279469, -16.228590348045234, -16.88250108418731, -17.467708732876076, -17.98989139111514, -18.442452193516765, -18.839723756470654, -19.182904049829784, -19.4776907354442, -19.72600551063034, -19.93444264116626, -20.112851636663912, -20.26493809307892, -20.389233898995492, -20.50190046959117, -20.596777305990305, -20.68313778233407, -20.757860207920753, -20.827829869265482, -20.887197276662448, -20.952586207898136, -21.009680244523256, -21.064397293904108, -21.118335186527464, -21.165394962136517, -21.22260335254185, -21.26891813423428, -21.319792418310485, -21.36925666828446, -21.41473244410481, -21.459959722412417, -21.510720301400585, -21.552241877250864, -21.598391460283153, -21.643976003385436, -21.68677833963772, -21.72498033978612, -21.76630411293301, -21.807366196879276, -21.837001297074526, -21.878925410624085, -21.91362255599898, -21.954145726818723, -21.981779098510742, -22.014567767303003, -22.04815267669368, -22.079635881530454, -22.108441822419916, -22.136872848278376, -22.159183187533152, -22.18594040362363, -22.21443871435175, -22.238323206828934, -22.260345279867877, -22.283362703274953, -22.301782259481207, -22.3258446485258, -22.345167135829247, -22.36264984014676, -22.38297606724773, -22.400504828709636, -22.416837905264142, -22.43688073618158, -22.44953475990876, -22.467631519143353, -22.47705484283757, -22.493103709922828, -22.5080257938598, -22.523297121077018, -22.5327438073715, -22.546728695709692, -22.55620596251512, -22.572830224400246, -22.58559336396038, -22.59687240232671, -22.598559437669472, -22.6155060221096, -22.62354127525678, -22.63505545969542]}